取得日,順位,Keyword,URL,Meta Title
2025-11-20,1,車 買取,https://sell.car.rakuten.co.jp/,楽天Car車買取（旧楽天Carオークション）
2025-11-20,2,車 買取,https://www.goo-net.com/kaitori/,車買取・中古車査定・車売却のグーネット車買取
2025-11-20,3,車 買取,https://www.hanamaru870.net/,【公式】車買取ならソコカラ | 高価買取！査定・引取り費用も無料
2025-11-20,4,車 買取,https://kaitori.carsensor.net/,車買取・売却・査定ならカーセンサー｜中古車簡単一括査定
2025-11-20,5,車 買取,https://www.navikuru.jp/,車買取・車査定の【ナビクル】中古車を最高額で売却できる業者を ...
2025-11-20,6,車 買取,https://autoc-one.jp/ullo/,買取店が競うから高くなる車買取・中古車一括査定｜愛車を高く ...
2025-11-20,7,車 買取,https://www.applenet.co.jp/,中古車買取・中古車査定のアップル【公式】
2025-11-20,8,車 買取,https://car-sokuhou.com/,車買取相場データベース
2025-11-20,9,車 買取,https://221616.com/satei/souba/,車買取相場・車査定相場 ｜中古車のガリバー
2025-11-20,10,車 買取,https://kurumakaitori.kakaku.com/kuruma_kaitori/,車買取・中古車査定｜最大20社の見積もりを比較して売却 - 価格.com
